agent_id,cohort,family_id,A,B,C,condition_label,block_order
AM00007,main,family_A,0,0,0,A0_B0_C0,1
AM00011,main,family_A,0,0,0,A0_B0_C0,2
AM00028,main,family_A,0,0,0,A0_B0_C0,3
AM00022,main,family_A,0,0,0,A0_B0_C0,4
AM00023,main,family_A,0,0,0,A0_B0_C0,5
AM00021,main,family_A,0,0,0,A0_B0_C0,6
AM00014,main,family_A,0,0,0,A0_B0_C0,7
AM00027,main,family_A,0,0,0,A0_B0_C0,8
AM00015,main,family_A,0,0,0,A0_B0_C0,9
AM00006,main,family_A,0,0,0,A0_B0_C0,10
AM00029,main,family_A,0,0,0,A0_B0_C0,11
AM00024,main,family_A,0,0,0,A0_B0_C0,12
AM00010,main,family_A,0,0,0,A0_B0_C0,13
AM00018,main,family_A,0,0,0,A0_B0_C0,14
AM00008,main,family_A,0,0,0,A0_B0_C0,15
AM00001,main,family_A,0,0,0,A0_B0_C0,16
AM00025,main,family_A,0,0,0,A0_B0_C0,17
AM00004,main,family_A,0,0,0,A0_B0_C0,18
AM00019,main,family_A,0,0,0,A0_B0_C0,19
AM00013,main,family_A,0,0,0,A0_B0_C0,20
AM00017,main,family_A,0,0,0,A0_B0_C0,21
AM00020,main,family_A,0,0,0,A0_B0_C0,22
AM00005,main,family_A,0,0,0,A0_B0_C0,23
AM00016,main,family_A,0,0,0,A0_B0_C0,24
AM00003,main,family_A,0,0,0,A0_B0_C0,25
AM00026,main,family_A,0,0,0,A0_B0_C0,26
AM00009,main,family_A,0,0,0,A0_B0_C0,27
AM00030,main,family_A,0,0,0,A0_B0_C0,28
AM00032,main,family_A,0,0,0,A0_B0_C0,29
AM00002,main,family_A,0,0,0,A0_B0_C0,30
AM00012,main,family_A,0,0,0,A0_B0_C0,31
AM00031,main,family_A,0,0,0,A0_B0_C0,32
AM00103,main,family_A,0,0,1,A0_B0_C1,1
AM00126,main,family_A,0,0,1,A0_B0_C1,2
AM00122,main,family_A,0,0,1,A0_B0_C1,3
AM00132,main,family_A,0,0,1,A0_B0_C1,4
AM00123,main,family_A,0,0,1,A0_B0_C1,5
AM00118,main,family_A,0,0,1,A0_B0_C1,6
AM00128,main,family_A,0,0,1,A0_B0_C1,7
AM00115,main,family_A,0,0,1,A0_B0_C1,8
AM00111,main,family_A,0,0,1,A0_B0_C1,9
AM00109,main,family_A,0,0,1,A0_B0_C1,10
AM00121,main,family_A,0,0,1,A0_B0_C1,11
AM00130,main,family_A,0,0,1,A0_B0_C1,12
AM00105,main,family_A,0,0,1,A0_B0_C1,13
AM00107,main,family_A,0,0,1,A0_B0_C1,14
AM00119,main,family_A,0,0,1,A0_B0_C1,15
AM00116,main,family_A,0,0,1,A0_B0_C1,16
AM00131,main,family_A,0,0,1,A0_B0_C1,17
AM00120,main,family_A,0,0,1,A0_B0_C1,18
AM00125,main,family_A,0,0,1,A0_B0_C1,19
AM00113,main,family_A,0,0,1,A0_B0_C1,20
AM00104,main,family_A,0,0,1,A0_B0_C1,21
AM00102,main,family_A,0,0,1,A0_B0_C1,22
AM00127,main,family_A,0,0,1,A0_B0_C1,23
AM00106,main,family_A,0,0,1,A0_B0_C1,24
AM00110,main,family_A,0,0,1,A0_B0_C1,25
AM00101,main,family_A,0,0,1,A0_B0_C1,26
AM00114,main,family_A,0,0,1,A0_B0_C1,27
AM00117,main,family_A,0,0,1,A0_B0_C1,28
AM00124,main,family_A,0,0,1,A0_B0_C1,29
AM00108,main,family_A,0,0,1,A0_B0_C1,30
AM00129,main,family_A,0,0,1,A0_B0_C1,31
AM00112,main,family_A,0,0,1,A0_B0_C1,32
AM01029,main,family_A,0,1,0,A0_B1_C0,1
AM01027,main,family_A,0,1,0,A0_B1_C0,2
AM01003,main,family_A,0,1,0,A0_B1_C0,3
AM01025,main,family_A,0,1,0,A0_B1_C0,4
AM01019,main,family_A,0,1,0,A0_B1_C0,5
AM01009,main,family_A,0,1,0,A0_B1_C0,6
AM01017,main,family_A,0,1,0,A0_B1_C0,7
AM01018,main,family_A,0,1,0,A0_B1_C0,8
AM01032,main,family_A,0,1,0,A0_B1_C0,9
AM01022,main,family_A,0,1,0,A0_B1_C0,10
AM01026,main,family_A,0,1,0,A0_B1_C0,11
AM01021,main,family_A,0,1,0,A0_B1_C0,12
AM01012,main,family_A,0,1,0,A0_B1_C0,13
AM01023,main,family_A,0,1,0,A0_B1_C0,14
AM01010,main,family_A,0,1,0,A0_B1_C0,15
AM01006,main,family_A,0,1,0,A0_B1_C0,16
AM01004,main,family_A,0,1,0,A0_B1_C0,17
AM01013,main,family_A,0,1,0,A0_B1_C0,18
AM01028,main,family_A,0,1,0,A0_B1_C0,19
AM01015,main,family_A,0,1,0,A0_B1_C0,20
AM01016,main,family_A,0,1,0,A0_B1_C0,21
AM01002,main,family_A,0,1,0,A0_B1_C0,22
AM01011,main,family_A,0,1,0,A0_B1_C0,23
AM01031,main,family_A,0,1,0,A0_B1_C0,24
AM01030,main,family_A,0,1,0,A0_B1_C0,25
AM01014,main,family_A,0,1,0,A0_B1_C0,26
AM01005,main,family_A,0,1,0,A0_B1_C0,27
AM01020,main,family_A,0,1,0,A0_B1_C0,28
AM01007,main,family_A,0,1,0,A0_B1_C0,29
AM01001,main,family_A,0,1,0,A0_B1_C0,30
AM01008,main,family_A,0,1,0,A0_B1_C0,31
AM01024,main,family_A,0,1,0,A0_B1_C0,32
AM01120,main,family_A,0,1,1,A0_B1_C1,1
AM01109,main,family_A,0,1,1,A0_B1_C1,2
AM01129,main,family_A,0,1,1,A0_B1_C1,3
AM01101,main,family_A,0,1,1,A0_B1_C1,4
AM01119,main,family_A,0,1,1,A0_B1_C1,5
AM01132,main,family_A,0,1,1,A0_B1_C1,6
AM01116,main,family_A,0,1,1,A0_B1_C1,7
AM01112,main,family_A,0,1,1,A0_B1_C1,8
AM01128,main,family_A,0,1,1,A0_B1_C1,9
AM01118,main,family_A,0,1,1,A0_B1_C1,10
AM01123,main,family_A,0,1,1,A0_B1_C1,11
AM01125,main,family_A,0,1,1,A0_B1_C1,12
AM01131,main,family_A,0,1,1,A0_B1_C1,13
AM01117,main,family_A,0,1,1,A0_B1_C1,14
AM01127,main,family_A,0,1,1,A0_B1_C1,15
AM01102,main,family_A,0,1,1,A0_B1_C1,16
AM01115,main,family_A,0,1,1,A0_B1_C1,17
AM01114,main,family_A,0,1,1,A0_B1_C1,18
AM01122,main,family_A,0,1,1,A0_B1_C1,19
AM01106,main,family_A,0,1,1,A0_B1_C1,20
AM01126,main,family_A,0,1,1,A0_B1_C1,21
AM01110,main,family_A,0,1,1,A0_B1_C1,22
AM01104,main,family_A,0,1,1,A0_B1_C1,23
AM01105,main,family_A,0,1,1,A0_B1_C1,24
AM01121,main,family_A,0,1,1,A0_B1_C1,25
AM01108,main,family_A,0,1,1,A0_B1_C1,26
AM01130,main,family_A,0,1,1,A0_B1_C1,27
AM01124,main,family_A,0,1,1,A0_B1_C1,28
AM01103,main,family_A,0,1,1,A0_B1_C1,29
AM01111,main,family_A,0,1,1,A0_B1_C1,30
AM01107,main,family_A,0,1,1,A0_B1_C1,31
AM01113,main,family_A,0,1,1,A0_B1_C1,32
AM10010,main,family_A,1,0,0,A1_B0_C0,1
AM10015,main,family_A,1,0,0,A1_B0_C0,2
AM10011,main,family_A,1,0,0,A1_B0_C0,3
AM10014,main,family_A,1,0,0,A1_B0_C0,4
AM10029,main,family_A,1,0,0,A1_B0_C0,5
AM10002,main,family_A,1,0,0,A1_B0_C0,6
AM10005,main,family_A,1,0,0,A1_B0_C0,7
AM10030,main,family_A,1,0,0,A1_B0_C0,8
AM10027,main,family_A,1,0,0,A1_B0_C0,9
AM10031,main,family_A,1,0,0,A1_B0_C0,10
AM10006,main,family_A,1,0,0,A1_B0_C0,11
AM10020,main,family_A,1,0,0,A1_B0_C0,12
AM10001,main,family_A,1,0,0,A1_B0_C0,13
AM10018,main,family_A,1,0,0,A1_B0_C0,14
AM10022,main,family_A,1,0,0,A1_B0_C0,15
AM10013,main,family_A,1,0,0,A1_B0_C0,16
AM10004,main,family_A,1,0,0,A1_B0_C0,17
AM10019,main,family_A,1,0,0,A1_B0_C0,18
AM10012,main,family_A,1,0,0,A1_B0_C0,19
AM10017,main,family_A,1,0,0,A1_B0_C0,20
AM10016,main,family_A,1,0,0,A1_B0_C0,21
AM10028,main,family_A,1,0,0,A1_B0_C0,22
AM10009,main,family_A,1,0,0,A1_B0_C0,23
AM10025,main,family_A,1,0,0,A1_B0_C0,24
AM10021,main,family_A,1,0,0,A1_B0_C0,25
AM10032,main,family_A,1,0,0,A1_B0_C0,26
AM10007,main,family_A,1,0,0,A1_B0_C0,27
AM10024,main,family_A,1,0,0,A1_B0_C0,28
AM10008,main,family_A,1,0,0,A1_B0_C0,29
AM10026,main,family_A,1,0,0,A1_B0_C0,30
AM10003,main,family_A,1,0,0,A1_B0_C0,31
AM10023,main,family_A,1,0,0,A1_B0_C0,32
AM10105,main,family_A,1,0,1,A1_B0_C1,1
AM10124,main,family_A,1,0,1,A1_B0_C1,2
AM10125,main,family_A,1,0,1,A1_B0_C1,3
AM10118,main,family_A,1,0,1,A1_B0_C1,4
AM10123,main,family_A,1,0,1,A1_B0_C1,5
AM10132,main,family_A,1,0,1,A1_B0_C1,6
AM10117,main,family_A,1,0,1,A1_B0_C1,7
AM10111,main,family_A,1,0,1,A1_B0_C1,8
AM10103,main,family_A,1,0,1,A1_B0_C1,9
AM10110,main,family_A,1,0,1,A1_B0_C1,10
AM10128,main,family_A,1,0,1,A1_B0_C1,11
AM10114,main,family_A,1,0,1,A1_B0_C1,12
AM10129,main,family_A,1,0,1,A1_B0_C1,13
AM10113,main,family_A,1,0,1,A1_B0_C1,14
AM10112,main,family_A,1,0,1,A1_B0_C1,15
AM10121,main,family_A,1,0,1,A1_B0_C1,16
AM10131,main,family_A,1,0,1,A1_B0_C1,17
AM10126,main,family_A,1,0,1,A1_B0_C1,18
AM10109,main,family_A,1,0,1,A1_B0_C1,19
AM10106,main,family_A,1,0,1,A1_B0_C1,20
AM10102,main,family_A,1,0,1,A1_B0_C1,21
AM10122,main,family_A,1,0,1,A1_B0_C1,22
AM10101,main,family_A,1,0,1,A1_B0_C1,23
AM10130,main,family_A,1,0,1,A1_B0_C1,24
AM10107,main,family_A,1,0,1,A1_B0_C1,25
AM10108,main,family_A,1,0,1,A1_B0_C1,26
AM10120,main,family_A,1,0,1,A1_B0_C1,27
AM10116,main,family_A,1,0,1,A1_B0_C1,28
AM10104,main,family_A,1,0,1,A1_B0_C1,29
AM10119,main,family_A,1,0,1,A1_B0_C1,30
AM10127,main,family_A,1,0,1,A1_B0_C1,31
AM10115,main,family_A,1,0,1,A1_B0_C1,32
AM11030,main,family_A,1,1,0,A1_B1_C0,1
AM11005,main,family_A,1,1,0,A1_B1_C0,2
AM11022,main,family_A,1,1,0,A1_B1_C0,3
AM11021,main,family_A,1,1,0,A1_B1_C0,4
AM11016,main,family_A,1,1,0,A1_B1_C0,5
AM11018,main,family_A,1,1,0,A1_B1_C0,6
AM11006,main,family_A,1,1,0,A1_B1_C0,7
AM11019,main,family_A,1,1,0,A1_B1_C0,8
AM11032,main,family_A,1,1,0,A1_B1_C0,9
AM11010,main,family_A,1,1,0,A1_B1_C0,10
AM11014,main,family_A,1,1,0,A1_B1_C0,11
AM11031,main,family_A,1,1,0,A1_B1_C0,12
AM11011,main,family_A,1,1,0,A1_B1_C0,13
AM11015,main,family_A,1,1,0,A1_B1_C0,14
AM11004,main,family_A,1,1,0,A1_B1_C0,15
AM11002,main,family_A,1,1,0,A1_B1_C0,16
AM11012,main,family_A,1,1,0,A1_B1_C0,17
AM11026,main,family_A,1,1,0,A1_B1_C0,18
AM11017,main,family_A,1,1,0,A1_B1_C0,19
AM11028,main,family_A,1,1,0,A1_B1_C0,20
AM11001,main,family_A,1,1,0,A1_B1_C0,21
AM11008,main,family_A,1,1,0,A1_B1_C0,22
AM11029,main,family_A,1,1,0,A1_B1_C0,23
AM11003,main,family_A,1,1,0,A1_B1_C0,24
AM11009,main,family_A,1,1,0,A1_B1_C0,25
AM11025,main,family_A,1,1,0,A1_B1_C0,26
AM11007,main,family_A,1,1,0,A1_B1_C0,27
AM11024,main,family_A,1,1,0,A1_B1_C0,28
AM11013,main,family_A,1,1,0,A1_B1_C0,29
AM11020,main,family_A,1,1,0,A1_B1_C0,30
AM11027,main,family_A,1,1,0,A1_B1_C0,31
AM11023,main,family_A,1,1,0,A1_B1_C0,32
AM11107,main,family_A,1,1,1,A1_B1_C1,1
AM11109,main,family_A,1,1,1,A1_B1_C1,2
AM11112,main,family_A,1,1,1,A1_B1_C1,3
AM11101,main,family_A,1,1,1,A1_B1_C1,4
AM11115,main,family_A,1,1,1,A1_B1_C1,5
AM11132,main,family_A,1,1,1,A1_B1_C1,6
AM11126,main,family_A,1,1,1,A1_B1_C1,7
AM11105,main,family_A,1,1,1,A1_B1_C1,8
AM11111,main,family_A,1,1,1,A1_B1_C1,9
AM11120,main,family_A,1,1,1,A1_B1_C1,10
AM11124,main,family_A,1,1,1,A1_B1_C1,11
AM11119,main,family_A,1,1,1,A1_B1_C1,12
AM11129,main,family_A,1,1,1,A1_B1_C1,13
AM11127,main,family_A,1,1,1,A1_B1_C1,14
AM11121,main,family_A,1,1,1,A1_B1_C1,15
AM11108,main,family_A,1,1,1,A1_B1_C1,16
AM11103,main,family_A,1,1,1,A1_B1_C1,17
AM11114,main,family_A,1,1,1,A1_B1_C1,18
AM11122,main,family_A,1,1,1,A1_B1_C1,19
AM11125,main,family_A,1,1,1,A1_B1_C1,20
AM11131,main,family_A,1,1,1,A1_B1_C1,21
AM11117,main,family_A,1,1,1,A1_B1_C1,22
AM11104,main,family_A,1,1,1,A1_B1_C1,23
AM11118,main,family_A,1,1,1,A1_B1_C1,24
AM11128,main,family_A,1,1,1,A1_B1_C1,25
AM11123,main,family_A,1,1,1,A1_B1_C1,26
AM11102,main,family_A,1,1,1,A1_B1_C1,27
AM11110,main,family_A,1,1,1,A1_B1_C1,28
AM11116,main,family_A,1,1,1,A1_B1_C1,29
AM11130,main,family_A,1,1,1,A1_B1_C1,30
AM11113,main,family_A,1,1,1,A1_B1_C1,31
AM11106,main,family_A,1,1,1,A1_B1_C1,32
AG017,generic_praise,family_A,2,1,0,generic_praise_B1_C0,1
AG001,generic_praise,family_A,2,1,0,generic_praise_B1_C0,2
AG030,generic_praise,family_A,2,1,0,generic_praise_B1_C0,3
AG026,generic_praise,family_A,2,1,0,generic_praise_B1_C0,4
AG028,generic_praise,family_A,2,1,0,generic_praise_B1_C0,5
AG019,generic_praise,family_A,2,1,0,generic_praise_B1_C0,6
AG014,generic_praise,family_A,2,1,0,generic_praise_B1_C0,7
AG031,generic_praise,family_A,2,1,0,generic_praise_B1_C0,8
AG022,generic_praise,family_A,2,1,0,generic_praise_B1_C0,9
AG013,generic_praise,family_A,2,1,0,generic_praise_B1_C0,10
AG029,generic_praise,family_A,2,1,0,generic_praise_B1_C0,11
AG023,generic_praise,family_A,2,1,0,generic_praise_B1_C0,12
AG021,generic_praise,family_A,2,1,0,generic_praise_B1_C0,13
AG007,generic_praise,family_A,2,1,0,generic_praise_B1_C0,14
AG015,generic_praise,family_A,2,1,0,generic_praise_B1_C0,15
AG025,generic_praise,family_A,2,1,0,generic_praise_B1_C0,16
AG008,generic_praise,family_A,2,1,0,generic_praise_B1_C0,17
AG016,generic_praise,family_A,2,1,0,generic_praise_B1_C0,18
AG012,generic_praise,family_A,2,1,0,generic_praise_B1_C0,19
AG018,generic_praise,family_A,2,1,0,generic_praise_B1_C0,20
AG011,generic_praise,family_A,2,1,0,generic_praise_B1_C0,21
AG010,generic_praise,family_A,2,1,0,generic_praise_B1_C0,22
AG032,generic_praise,family_A,2,1,0,generic_praise_B1_C0,23
AG002,generic_praise,family_A,2,1,0,generic_praise_B1_C0,24
AG020,generic_praise,family_A,2,1,0,generic_praise_B1_C0,25
AG005,generic_praise,family_A,2,1,0,generic_praise_B1_C0,26
AG006,generic_praise,family_A,2,1,0,generic_praise_B1_C0,27
AG024,generic_praise,family_A,2,1,0,generic_praise_B1_C0,28
AG009,generic_praise,family_A,2,1,0,generic_praise_B1_C0,29
AG027,generic_praise,family_A,2,1,0,generic_praise_B1_C0,30
AG004,generic_praise,family_A,2,1,0,generic_praise_B1_C0,31
AG003,generic_praise,family_A,2,1,0,generic_praise_B1_C0,32
BM00024,main,family_B,0,0,0,A0_B0_C0,1
BM00026,main,family_B,0,0,0,A0_B0_C0,2
BM00002,main,family_B,0,0,0,A0_B0_C0,3
BM00030,main,family_B,0,0,0,A0_B0_C0,4
BM00009,main,family_B,0,0,0,A0_B0_C0,5
BM00029,main,family_B,0,0,0,A0_B0_C0,6
BM00022,main,family_B,0,0,0,A0_B0_C0,7
BM00032,main,family_B,0,0,0,A0_B0_C0,8
BM00008,main,family_B,0,0,0,A0_B0_C0,9
BM00020,main,family_B,0,0,0,A0_B0_C0,10
BM00010,main,family_B,0,0,0,A0_B0_C0,11
BM00015,main,family_B,0,0,0,A0_B0_C0,12
BM00023,main,family_B,0,0,0,A0_B0_C0,13
BM00004,main,family_B,0,0,0,A0_B0_C0,14
BM00027,main,family_B,0,0,0,A0_B0_C0,15
BM00007,main,family_B,0,0,0,A0_B0_C0,16
BM00012,main,family_B,0,0,0,A0_B0_C0,17
BM00016,main,family_B,0,0,0,A0_B0_C0,18
BM00013,main,family_B,0,0,0,A0_B0_C0,19
BM00006,main,family_B,0,0,0,A0_B0_C0,20
BM00025,main,family_B,0,0,0,A0_B0_C0,21
BM00017,main,family_B,0,0,0,A0_B0_C0,22
BM00021,main,family_B,0,0,0,A0_B0_C0,23
BM00005,main,family_B,0,0,0,A0_B0_C0,24
BM00031,main,family_B,0,0,0,A0_B0_C0,25
BM00028,main,family_B,0,0,0,A0_B0_C0,26
BM00014,main,family_B,0,0,0,A0_B0_C0,27
BM00001,main,family_B,0,0,0,A0_B0_C0,28
BM00018,main,family_B,0,0,0,A0_B0_C0,29
BM00019,main,family_B,0,0,0,A0_B0_C0,30
BM00003,main,family_B,0,0,0,A0_B0_C0,31
BM00011,main,family_B,0,0,0,A0_B0_C0,32
BM00123,main,family_B,0,0,1,A0_B0_C1,1
BM00126,main,family_B,0,0,1,A0_B0_C1,2
BM00107,main,family_B,0,0,1,A0_B0_C1,3
BM00108,main,family_B,0,0,1,A0_B0_C1,4
BM00130,main,family_B,0,0,1,A0_B0_C1,5
BM00118,main,family_B,0,0,1,A0_B0_C1,6
BM00113,main,family_B,0,0,1,A0_B0_C1,7
BM00112,main,family_B,0,0,1,A0_B0_C1,8
BM00101,main,family_B,0,0,1,A0_B0_C1,9
BM00131,main,family_B,0,0,1,A0_B0_C1,10
BM00111,main,family_B,0,0,1,A0_B0_C1,11
BM00125,main,family_B,0,0,1,A0_B0_C1,12
BM00110,main,family_B,0,0,1,A0_B0_C1,13
BM00116,main,family_B,0,0,1,A0_B0_C1,14
BM00132,main,family_B,0,0,1,A0_B0_C1,15
BM00102,main,family_B,0,0,1,A0_B0_C1,16
BM00128,main,family_B,0,0,1,A0_B0_C1,17
BM00119,main,family_B,0,0,1,A0_B0_C1,18
BM00117,main,family_B,0,0,1,A0_B0_C1,19
BM00105,main,family_B,0,0,1,A0_B0_C1,20
BM00106,main,family_B,0,0,1,A0_B0_C1,21
BM00103,main,family_B,0,0,1,A0_B0_C1,22
BM00109,main,family_B,0,0,1,A0_B0_C1,23
BM00120,main,family_B,0,0,1,A0_B0_C1,24
BM00129,main,family_B,0,0,1,A0_B0_C1,25
BM00127,main,family_B,0,0,1,A0_B0_C1,26
BM00124,main,family_B,0,0,1,A0_B0_C1,27
BM00115,main,family_B,0,0,1,A0_B0_C1,28
BM00104,main,family_B,0,0,1,A0_B0_C1,29
BM00122,main,family_B,0,0,1,A0_B0_C1,30
BM00121,main,family_B,0,0,1,A0_B0_C1,31
BM00114,main,family_B,0,0,1,A0_B0_C1,32
BM01021,main,family_B,0,1,0,A0_B1_C0,1
BM01014,main,family_B,0,1,0,A0_B1_C0,2
BM01009,main,family_B,0,1,0,A0_B1_C0,3
BM01031,main,family_B,0,1,0,A0_B1_C0,4
BM01017,main,family_B,0,1,0,A0_B1_C0,5
BM01015,main,family_B,0,1,0,A0_B1_C0,6
BM01022,main,family_B,0,1,0,A0_B1_C0,7
BM01011,main,family_B,0,1,0,A0_B1_C0,8
BM01023,main,family_B,0,1,0,A0_B1_C0,9
BM01030,main,family_B,0,1,0,A0_B1_C0,10
BM01005,main,family_B,0,1,0,A0_B1_C0,11
BM01010,main,family_B,0,1,0,A0_B1_C0,12
BM01006,main,family_B,0,1,0,A0_B1_C0,13
BM01013,main,family_B,0,1,0,A0_B1_C0,14
BM01004,main,family_B,0,1,0,A0_B1_C0,15
BM01032,main,family_B,0,1,0,A0_B1_C0,16
BM01028,main,family_B,0,1,0,A0_B1_C0,17
BM01003,main,family_B,0,1,0,A0_B1_C0,18
BM01012,main,family_B,0,1,0,A0_B1_C0,19
BM01016,main,family_B,0,1,0,A0_B1_C0,20
BM01002,main,family_B,0,1,0,A0_B1_C0,21
BM01007,main,family_B,0,1,0,A0_B1_C0,22
BM01026,main,family_B,0,1,0,A0_B1_C0,23
BM01018,main,family_B,0,1,0,A0_B1_C0,24
BM01025,main,family_B,0,1,0,A0_B1_C0,25
BM01019,main,family_B,0,1,0,A0_B1_C0,26
BM01001,main,family_B,0,1,0,A0_B1_C0,27
BM01008,main,family_B,0,1,0,A0_B1_C0,28
BM01020,main,family_B,0,1,0,A0_B1_C0,29
BM01027,main,family_B,0,1,0,A0_B1_C0,30
BM01024,main,family_B,0,1,0,A0_B1_C0,31
BM01029,main,family_B,0,1,0,A0_B1_C0,32
BM01115,main,family_B,0,1,1,A0_B1_C1,1
BM01108,main,family_B,0,1,1,A0_B1_C1,2
BM01125,main,family_B,0,1,1,A0_B1_C1,3
BM01127,main,family_B,0,1,1,A0_B1_C1,4
BM01121,main,family_B,0,1,1,A0_B1_C1,5
BM01112,main,family_B,0,1,1,A0_B1_C1,6
BM01129,main,family_B,0,1,1,A0_B1_C1,7
BM01120,main,family_B,0,1,1,A0_B1_C1,8
BM01122,main,family_B,0,1,1,A0_B1_C1,9
BM01102,main,family_B,0,1,1,A0_B1_C1,10
BM01131,main,family_B,0,1,1,A0_B1_C1,11
BM01106,main,family_B,0,1,1,A0_B1_C1,12
BM01109,main,family_B,0,1,1,A0_B1_C1,13
BM01119,main,family_B,0,1,1,A0_B1_C1,14
BM01113,main,family_B,0,1,1,A0_B1_C1,15
BM01101,main,family_B,0,1,1,A0_B1_C1,16
BM01107,main,family_B,0,1,1,A0_B1_C1,17
BM01117,main,family_B,0,1,1,A0_B1_C1,18
BM01114,main,family_B,0,1,1,A0_B1_C1,19
BM01110,main,family_B,0,1,1,A0_B1_C1,20
BM01126,main,family_B,0,1,1,A0_B1_C1,21
BM01118,main,family_B,0,1,1,A0_B1_C1,22
BM01130,main,family_B,0,1,1,A0_B1_C1,23
BM01123,main,family_B,0,1,1,A0_B1_C1,24
BM01103,main,family_B,0,1,1,A0_B1_C1,25
BM01111,main,family_B,0,1,1,A0_B1_C1,26
BM01116,main,family_B,0,1,1,A0_B1_C1,27
BM01104,main,family_B,0,1,1,A0_B1_C1,28
BM01105,main,family_B,0,1,1,A0_B1_C1,29
BM01128,main,family_B,0,1,1,A0_B1_C1,30
BM01132,main,family_B,0,1,1,A0_B1_C1,31
BM01124,main,family_B,0,1,1,A0_B1_C1,32
BM10016,main,family_B,1,0,0,A1_B0_C0,1
BM10028,main,family_B,1,0,0,A1_B0_C0,2
BM10009,main,family_B,1,0,0,A1_B0_C0,3
BM10006,main,family_B,1,0,0,A1_B0_C0,4
BM10030,main,family_B,1,0,0,A1_B0_C0,5
BM10025,main,family_B,1,0,0,A1_B0_C0,6
BM10021,main,family_B,1,0,0,A1_B0_C0,7
BM10023,main,family_B,1,0,0,A1_B0_C0,8
BM10020,main,family_B,1,0,0,A1_B0_C0,9
BM10032,main,family_B,1,0,0,A1_B0_C0,10
BM10017,main,family_B,1,0,0,A1_B0_C0,11
BM10029,main,family_B,1,0,0,A1_B0_C0,12
BM10010,main,family_B,1,0,0,A1_B0_C0,13
BM10022,main,family_B,1,0,0,A1_B0_C0,14
BM10015,main,family_B,1,0,0,A1_B0_C0,15
BM10019,main,family_B,1,0,0,A1_B0_C0,16
BM10002,main,family_B,1,0,0,A1_B0_C0,17
BM10012,main,family_B,1,0,0,A1_B0_C0,18
BM10007,main,family_B,1,0,0,A1_B0_C0,19
BM10031,main,family_B,1,0,0,A1_B0_C0,20
BM10005,main,family_B,1,0,0,A1_B0_C0,21
BM10018,main,family_B,1,0,0,A1_B0_C0,22
BM10004,main,family_B,1,0,0,A1_B0_C0,23
BM10024,main,family_B,1,0,0,A1_B0_C0,24
BM10001,main,family_B,1,0,0,A1_B0_C0,25
BM10013,main,family_B,1,0,0,A1_B0_C0,26
BM10027,main,family_B,1,0,0,A1_B0_C0,27
BM10026,main,family_B,1,0,0,A1_B0_C0,28
BM10008,main,family_B,1,0,0,A1_B0_C0,29
BM10011,main,family_B,1,0,0,A1_B0_C0,30
BM10003,main,family_B,1,0,0,A1_B0_C0,31
BM10014,main,family_B,1,0,0,A1_B0_C0,32
BM10121,main,family_B,1,0,1,A1_B0_C1,1
BM10116,main,family_B,1,0,1,A1_B0_C1,2
BM10125,main,family_B,1,0,1,A1_B0_C1,3
BM10110,main,family_B,1,0,1,A1_B0_C1,4
BM10130,main,family_B,1,0,1,A1_B0_C1,5
BM10123,main,family_B,1,0,1,A1_B0_C1,6
BM10102,main,family_B,1,0,1,A1_B0_C1,7
BM10115,main,family_B,1,0,1,A1_B0_C1,8
BM10105,main,family_B,1,0,1,A1_B0_C1,9
BM10118,main,family_B,1,0,1,A1_B0_C1,10
BM10104,main,family_B,1,0,1,A1_B0_C1,11
BM10112,main,family_B,1,0,1,A1_B0_C1,12
BM10132,main,family_B,1,0,1,A1_B0_C1,13
BM10111,main,family_B,1,0,1,A1_B0_C1,14
BM10114,main,family_B,1,0,1,A1_B0_C1,15
BM10119,main,family_B,1,0,1,A1_B0_C1,16
BM10129,main,family_B,1,0,1,A1_B0_C1,17
BM10126,main,family_B,1,0,1,A1_B0_C1,18
BM10117,main,family_B,1,0,1,A1_B0_C1,19
BM10128,main,family_B,1,0,1,A1_B0_C1,20
BM10106,main,family_B,1,0,1,A1_B0_C1,21
BM10124,main,family_B,1,0,1,A1_B0_C1,22
BM10108,main,family_B,1,0,1,A1_B0_C1,23
BM10122,main,family_B,1,0,1,A1_B0_C1,24
BM10127,main,family_B,1,0,1,A1_B0_C1,25
BM10109,main,family_B,1,0,1,A1_B0_C1,26
BM10107,main,family_B,1,0,1,A1_B0_C1,27
BM10103,main,family_B,1,0,1,A1_B0_C1,28
BM10120,main,family_B,1,0,1,A1_B0_C1,29
BM10113,main,family_B,1,0,1,A1_B0_C1,30
BM10131,main,family_B,1,0,1,A1_B0_C1,31
BM10101,main,family_B,1,0,1,A1_B0_C1,32
BM11011,main,family_B,1,1,0,A1_B1_C0,1
BM11030,main,family_B,1,1,0,A1_B1_C0,2
BM11019,main,family_B,1,1,0,A1_B1_C0,3
BM11002,main,family_B,1,1,0,A1_B1_C0,4
BM11009,main,family_B,1,1,0,A1_B1_C0,5
BM11025,main,family_B,1,1,0,A1_B1_C0,6
BM11007,main,family_B,1,1,0,A1_B1_C0,7
BM11027,main,family_B,1,1,0,A1_B1_C0,8
BM11024,main,family_B,1,1,0,A1_B1_C0,9
BM11005,main,family_B,1,1,0,A1_B1_C0,10
BM11020,main,family_B,1,1,0,A1_B1_C0,11
BM11029,main,family_B,1,1,0,A1_B1_C0,12
BM11014,main,family_B,1,1,0,A1_B1_C0,13
BM11021,main,family_B,1,1,0,A1_B1_C0,14
BM11008,main,family_B,1,1,0,A1_B1_C0,15
BM11032,main,family_B,1,1,0,A1_B1_C0,16
BM11023,main,family_B,1,1,0,A1_B1_C0,17
BM11022,main,family_B,1,1,0,A1_B1_C0,18
BM11026,main,family_B,1,1,0,A1_B1_C0,19
BM11004,main,family_B,1,1,0,A1_B1_C0,20
BM11003,main,family_B,1,1,0,A1_B1_C0,21
BM11028,main,family_B,1,1,0,A1_B1_C0,22
BM11017,main,family_B,1,1,0,A1_B1_C0,23
BM11012,main,family_B,1,1,0,A1_B1_C0,24
BM11006,main,family_B,1,1,0,A1_B1_C0,25
BM11031,main,family_B,1,1,0,A1_B1_C0,26
BM11016,main,family_B,1,1,0,A1_B1_C0,27
BM11018,main,family_B,1,1,0,A1_B1_C0,28
BM11015,main,family_B,1,1,0,A1_B1_C0,29
BM11010,main,family_B,1,1,0,A1_B1_C0,30
BM11001,main,family_B,1,1,0,A1_B1_C0,31
BM11013,main,family_B,1,1,0,A1_B1_C0,32
BM11118,main,family_B,1,1,1,A1_B1_C1,1
BM11121,main,family_B,1,1,1,A1_B1_C1,2
BM11107,main,family_B,1,1,1,A1_B1_C1,3
BM11129,main,family_B,1,1,1,A1_B1_C1,4
BM11103,main,family_B,1,1,1,A1_B1_C1,5
BM11130,main,family_B,1,1,1,A1_B1_C1,6
BM11126,main,family_B,1,1,1,A1_B1_C1,7
BM11117,main,family_B,1,1,1,A1_B1_C1,8
BM11132,main,family_B,1,1,1,A1_B1_C1,9
BM11124,main,family_B,1,1,1,A1_B1_C1,10
BM11122,main,family_B,1,1,1,A1_B1_C1,11
BM11128,main,family_B,1,1,1,A1_B1_C1,12
BM11112,main,family_B,1,1,1,A1_B1_C1,13
BM11116,main,family_B,1,1,1,A1_B1_C1,14
BM11102,main,family_B,1,1,1,A1_B1_C1,15
BM11120,main,family_B,1,1,1,A1_B1_C1,16
BM11110,main,family_B,1,1,1,A1_B1_C1,17
BM11119,main,family_B,1,1,1,A1_B1_C1,18
BM11105,main,family_B,1,1,1,A1_B1_C1,19
BM11127,main,family_B,1,1,1,A1_B1_C1,20
BM11104,main,family_B,1,1,1,A1_B1_C1,21
BM11101,main,family_B,1,1,1,A1_B1_C1,22
BM11115,main,family_B,1,1,1,A1_B1_C1,23
BM11131,main,family_B,1,1,1,A1_B1_C1,24
BM11106,main,family_B,1,1,1,A1_B1_C1,25
BM11123,main,family_B,1,1,1,A1_B1_C1,26
BM11109,main,family_B,1,1,1,A1_B1_C1,27
BM11125,main,family_B,1,1,1,A1_B1_C1,28
BM11111,main,family_B,1,1,1,A1_B1_C1,29
BM11113,main,family_B,1,1,1,A1_B1_C1,30
BM11108,main,family_B,1,1,1,A1_B1_C1,31
BM11114,main,family_B,1,1,1,A1_B1_C1,32
BG032,generic_praise,family_B,2,1,0,generic_praise_B1_C0,1
BG005,generic_praise,family_B,2,1,0,generic_praise_B1_C0,2
BG002,generic_praise,family_B,2,1,0,generic_praise_B1_C0,3
BG031,generic_praise,family_B,2,1,0,generic_praise_B1_C0,4
BG023,generic_praise,family_B,2,1,0,generic_praise_B1_C0,5
BG014,generic_praise,family_B,2,1,0,generic_praise_B1_C0,6
BG024,generic_praise,family_B,2,1,0,generic_praise_B1_C0,7
BG008,generic_praise,family_B,2,1,0,generic_praise_B1_C0,8
BG017,generic_praise,family_B,2,1,0,generic_praise_B1_C0,9
BG015,generic_praise,family_B,2,1,0,generic_praise_B1_C0,10
BG025,generic_praise,family_B,2,1,0,generic_praise_B1_C0,11
BG029,generic_praise,family_B,2,1,0,generic_praise_B1_C0,12
BG012,generic_praise,family_B,2,1,0,generic_praise_B1_C0,13
BG009,generic_praise,family_B,2,1,0,generic_praise_B1_C0,14
BG018,generic_praise,family_B,2,1,0,generic_praise_B1_C0,15
BG026,generic_praise,family_B,2,1,0,generic_praise_B1_C0,16
BG016,generic_praise,family_B,2,1,0,generic_praise_B1_C0,17
BG022,generic_praise,family_B,2,1,0,generic_praise_B1_C0,18
BG013,generic_praise,family_B,2,1,0,generic_praise_B1_C0,19
BG001,generic_praise,family_B,2,1,0,generic_praise_B1_C0,20
BG011,generic_praise,family_B,2,1,0,generic_praise_B1_C0,21
BG019,generic_praise,family_B,2,1,0,generic_praise_B1_C0,22
BG021,generic_praise,family_B,2,1,0,generic_praise_B1_C0,23
BG007,generic_praise,family_B,2,1,0,generic_praise_B1_C0,24
BG010,generic_praise,family_B,2,1,0,generic_praise_B1_C0,25
BG028,generic_praise,family_B,2,1,0,generic_praise_B1_C0,26
BG006,generic_praise,family_B,2,1,0,generic_praise_B1_C0,27
BG003,generic_praise,family_B,2,1,0,generic_praise_B1_C0,28
BG020,generic_praise,family_B,2,1,0,generic_praise_B1_C0,29
BG004,generic_praise,family_B,2,1,0,generic_praise_B1_C0,30
BG027,generic_praise,family_B,2,1,0,generic_praise_B1_C0,31
BG030,generic_praise,family_B,2,1,0,generic_praise_B1_C0,32
